Timestamp,CPU_Usage(%),Memory_Usage(MB)
1740998523.8760695,2.5037527318139245,106.98828125
1740998524.8779917,2.390817217716781,107.44140625
1740998525.880274,3.0392014971927632,107.93359375
1740998526.8824172,2.297346237901967,108.16796875
1740998527.884239,2.324794007490637,108.16015625
1740998528.886437,3.226067415730337,108.42578125
1740998529.8888705,2.230109272556978,108.375
1740998530.8910036,2.446348612410352,108.15234375
1740998531.8936949,3.029020586400499,108.6328125
1740998532.8963585,2.280212036170876,108.38671875
1740998533.898329,2.5397379912663753,107.8671875
1740998534.9001448,8.06021183800623,109.3828125
1740998535.901865,8.785854420493596,109.609375
1740998536.9041271,3.0768539325842696,109.85546875
1740998537.9055803,78.46719003115264,227.74609375
1740998538.9074085,104.51723964868256,295.71484375
1740998539.9102829,97.03426962777604,348.99609375
1740998540.9124901,101.13008739076155,405.39453125
1740998541.9142103,101.91543716703228,455.7890625
1740998542.9163978,94.7401873828857,499.83203125
1740998543.9176946,118.42897324206596,605.328125
1740998544.919191,98.01316582914573,662.15625
1740998545.9207227,99.35123630672926,716.05078125
1740998546.922789,101.05579905808477,764.39453125
1740998547.924393,98.83845719661336,806.44921875
1740998548.9262643,99.9326289465458,872.5
1740998549.928201,101.97964912280702,950.95703125
1740998550.9304209,94.67265153870065,987.375
1740998551.931904,102.39630461922597,1059.58984375
1740998552.9337165,100.06759787034136,1106.16796875
1740998553.9350162,87.38435327278422,1122.46484375
1740998554.936884,106.47957539806431,1215.08203125
1740998555.9416537,98.61427073697195,1253.00390625
1740998556.9433296,105.20385723231058,1291.7421875
1740998557.9450629,105.77324968632371,1366.21484375
1740998558.9471357,87.90293933708568,1388.765625
1740998559.948538,107.2379931442817,1444.48828125
1740998560.9502077,87.65014137606032,1460.35546875
1740998561.9520986,106.77379869118104,1553.31640625
1740998562.9538386,97.1077923702314,1647.93359375
1740998563.9561183,89.62964441671866,1637.41796875
1740998564.9579005,113.37202875898717,1720.82421875
1740998565.9592748,86.20778089013383,1717.83203125
1740998566.9608693,107.88522613065325,1792.37109375
1740998567.9625757,90.30427991252733,1792.71484375
1740998568.9641442,88.09355847404628,1841.8359375
1740998569.9660838,121.26614370881708,1884.0390625
1740998570.968249,88.11454317897372,1916.203125
1740998571.9701388,90.28009999999999,2039.5859375
1740998572.9716117,111.16507462686567,2072.93359375
1740998573.974211,91.76629269821373,2096.36328125
1740998574.9753752,91.67492302858939,2178.45703125
1740998575.9774246,122.24551378446115,2243.46484375
1740998576.979705,91.20019975031211,2279.01171875
1740998577.9818902,88.6727668845316,2293.328125
1740998578.9843771,114.13601489757914,2406.953125
1740998579.985952,89.59002493765587,2386.984375
1740998580.9875715,89.61715176067311,2408.8046875
1740998581.9889786,90.55465015479876,2491.48828125
1740998582.9916518,129.81066583307285,2579.69921875
1740998583.9936855,88.2897053291536,2610.41015625
1740998584.9964402,87.54638456751711,2634.79296875
1740998585.9981275,92.04412757973734,2757.265625
1740998586.9994733,118.8810431542999,2785.96875
1740998588.0010796,87.89319974953037,2793.4765625
1740998589.0023997,139.923025945608,2852.16796875
1740998590.0042644,111.03379224030037,2874.2890625
1740998591.0055392,118.22057285180574,2984.83203125
1740998592.0071692,87.36731829573935,3007.1875
1740998593.0092402,88.67915106117353,3024.95703125
1740998594.0105472,87.95415758330738,3050.37109375
1740998595.012841,136.9406121174266,3266.71875
1740998596.014194,147.55967601246104,3187.6328125
1740998597.0158617,86.16657534246576,3219.19921875
1740998598.0176833,90.40994406463642,3230.13671875
1740998599.019037,91.10906940553998,3255.4765625
1740998600.0207715,128.51145898559798,3412.2109375
1740998601.0226283,92.43612742036227,3440.66015625
1740998602.0258245,152.00847616079776,3503.15234375
1740998603.0279307,90.2794260761073,3466.32421875
1740998604.0302162,91.32279301745636,3496.9140625
1740998605.0324516,92.58870190803879,3664.609375
1740998606.0336347,126.04694132334582,3719.6953125
1740998607.0355914,88.96009984399376,3743.51171875
1740998608.0378518,113.9467911609088,3772.56640625
1740998609.039715,131.3117698561601,3762.21484375
1740998610.0408094,89.02411985018726,3762.1171875
1740998611.042506,93.16489821484497,3939.5546875
1740998612.0440216,125.86338308457712,3983.4765625
1740998613.0474904,87.0438878504673,4007.83203125
1740998614.0488055,85.12389513108614,4029.34375
1740998615.051644,153.1379443923774,4087.3671875
1740998616.0539787,90.41477230193388,4031.30078125
1740998617.0557013,89.57966186599874,4112.234375
1740998618.0570116,135.58948685857322,4236.93359375
1740998619.0584204,91.75667811426787,4259.203125
1740998620.0595193,85.68184423676013,4250.19921875
1740998621.0618114,111.8368490153173,4290.14453125
1740998622.0642307,134.06701217608492,4281.0703125
1740998623.0667589,88.03460534493475,4306.671875
1740998624.0679138,92.44307692307693,4505.6796875
1740998625.070345,137.16785046728972,4571.37890625
1740998626.072362,90.22668335419274,4583.33203125
1740998627.0737956,88.08670838548184,4610.3203125
1740998628.0758412,156.59513597999376,4575.59765625
1740998629.0771546,87.75131086142322,4603.58984375
1740998630.0787106,88.90683322923174,4596.2578125
1740998631.081001,92.15740729199128,4734.51953125
1740998632.083062,140.29342508601815,4885.69921875
1740998633.0845847,87.74697906904092,4908.21875
1740998634.086183,128.0347348721148,4953.12890625
1740998635.0874186,114.95108886107634,4930.96484375
1740998636.0886889,88.06398000624804,4953.19140625
1740998637.0898056,89.0894382022472,4981.9140625
1740998638.0916395,88.82978484565014,4991.83984375
1740998639.093803,91.5594137823511,5158.64453125
1740998640.09551,146.68365222810843,5250.296875
1740998641.0976112,161.5042606516291,5252.19921875
1740998642.1001875,89.91392846034213,5280.3359375
1740998643.1016366,90.01609008445418,5310.2109375
1740998644.1038969,89.28682773768433,5340.078125
1740998645.106012,88.23210773567179,5362.41015625
1740998646.108593,90.20032561051973,5370.8828125
1740998647.1104302,147.58966054188727,5454.1796875
1740998648.1133828,153.30379256482348,5671.1640625
1740998649.115441,103.59984952978056,5701.25390625
1740998650.1169813,90.5272204871955,5700.1484375
1740998651.1187983,88.7361,5725.65625
1740998652.1206052,91.0394,5749.35546875
1740998653.1228554,107.05347473487213,5780.24609375
1740998654.1250877,140.40194878201123,5767.09765625
1740998655.1265874,90.04821917808219,5790.52734375
1740998656.12866,90.02067638845796,5800.53515625
1740998657.1303134,95.83782447466007,6066.421875
1740998658.13217,151.74902545003104,6076.75390625
1740998659.1338155,88.01474929928371,6103.83984375
1740998660.1353729,158.25752190237796,6053.828125
1740998661.1376545,90.540533082471,6080.51953125
1740998662.139108,87.41714285714286,6109.6328125
1740998663.1416395,86.96464740602671,6138.58984375
1740998664.143714,90.71441396508729,6168.11328125
1740998665.1459403,86.6407960199005,6191.1796875
1740998666.1483026,128.76864020006252,6243.48046875
1740998667.1492484,121.45492798998121,6462.26953125
1740998668.1519067,153.00756349952965,6530.859375
1740998669.1533563,91.39570579029734,6561.42578125
1740998670.1544223,87.02212234706617,6563.171875
1740998671.1560714,88.28015056461732,6589.8203125
1740998672.157621,87.59000313185092,6617.59375
1740998673.1594603,160.08382141742118,6612.73828125
1740998674.1622412,86.74931832395248,6638.69921875
1740998675.1642034,88.2454562441607,6661.34765625
1740998676.1662767,89.46159999999999,6678.65234375
1740998677.1677868,87.8951724137931,6771.078125
1740998678.1695635,104.37268596327421,7058.546875
1740998679.1723714,202.72955373978633,7111.3359375
1740998680.1746888,110.4093,7057.48828125
1740998681.177239,86.05252575710271,7078.41015625
1740998682.179081,90.22970321774444,7106.3671875
1740998683.180981,86.16746268656716,7129.171875
1740998684.1836905,87.50254454517037,7157.70703125
1740998685.1860256,98.09940754599315,7250.1640625
1740998686.1876848,148.63372744243932,7151.27734375
1740998687.1891477,86.2041,7172.99609375
1740998688.1914175,93.00808030112924,7195.77734375
1740998689.1932387,92.91081555834378,7375.41796875
1740998690.1957927,172.56316781898178,7600.4921875
1740998691.197286,89.72313873195229,7623.734375
1740998692.1986837,156.82924623115576,7691.94921875
1740998693.2008257,87.34199004975125,7649.53515625
1740998694.201909,87.98620431115276,7673.7578125
1740998695.2031431,86.96828963795255,7700.89453125
1740998696.204171,86.11268384663734,7709.7890625
1740998697.2060492,87.75695190505934,7737.7421875
1740998698.207832,93.31115973741795,7815.1796875
1740998699.2097366,149.0996191070871,7749.1796875
1740998700.2113888,87.01369177868084,7750.68359375
1740998701.212912,91.81347566718995,7777.03125
1740998702.215061,93.17166458072592,7986.88671875
1740998703.2178378,175.598127925117,8221.90234375
1740998704.2193859,90.98457125038976,8249.5625
1740998705.2209866,151.60321996879875,8311.04296875
1740998706.223219,94.17244001246495,8273.8359375
1740998707.2252307,88.35376834217921,8303.734375
1740998708.2277026,87.13558961526431,8318.41796875
1740998709.23025,90.28471615720524,8344.1328125
1740998710.231554,87.43010283577438,8337.25
1740998711.2338552,102.6646307884856,8367.30078125
1740998712.2363446,145.36385723231058,8354.97265625
1740998713.2389772,89.49440200375705,8377.15234375
1740998714.2402072,89.65206745783885,8402.22265625
1740998715.2424526,89.6294631710362,8427.88671875
1740998716.24421,96.21624060150376,8693.8671875
1740998717.2455385,181.42094641178315,8862.3125
1740998718.2480636,162.3142087120025,8839.53515625
1740998719.2507675,88.00229784576959,8864.77734375
1740998720.252232,88.17604984423676,8872.8203125
1740998721.253493,91.87873946957879,8903.28125
1740998722.2553468,88.19116104868914,8932.07421875
1740998723.25789,91.79086142322097,8959.2109375
1740998724.259966,134.51845193508115,9005.265625
1740998725.262648,112.00280701754386,8976.36328125
1740998726.2650223,87.74893537308773,9000.39453125
1740998727.2674506,91.536005001563,9006.57421875
1740998728.268895,87.820884289746,9025.31640625
1740998729.2709272,88.84757566302652,9050.5546875
1740998730.2728045,100.25639875389408,9196.0546875
1740998731.2747636,160.38713076199434,9391.1796875
1740998732.2761142,189.74743718592967,9538.515625
1740998733.2771761,92.93675641828429,9560.125
1740998734.2798028,86.74039800995025,9583.12109375
1740998735.2817874,85.108546529723,9609.27734375
1740998736.2832215,89.67839598997493,9635.81640625
1740998737.2847064,128.42224438902744,9661.76171875
1740998738.2864711,113.25249454998443,9602.46875
1740998739.2878938,90.80475864216754,9624.55078125
1740998740.290695,87.15582089552238,9623.5546875
1740998741.292109,91.15655927431968,9651.296875
1740998742.2940772,89.24137585991244,9678.0546875
1740998743.2962644,90.12478003120124,9727.81640625
1740998744.2981193,155.45428482393268,9706.578125
1740998745.3001308,86.97675810473815,9727.5078125
1740998746.3019753,88.28598503740649,9746.8984375
1740998747.3045456,100.33430975381738,10044.24609375
1740998748.306749,200.53029715358147,10243.8984375
1740998749.3090003,90.31215197757709,10272.74609375
1740998750.3105452,141.88989999999998,10314.12890625
1740998751.3132045,156.33615960099752,10571.71875
1740998752.3147523,87.17472109691494,10596.8046875
1740998753.3169205,263.9824341279799,11017.9765625
1740998754.3190036,189.1354709918902,12296.11328125
1740998755.320877,287.0522311995028,11912.953125
1740998756.3224523,199.3477839851024,12039.2109375
1740998757.3243754,344.1259296482412,11561.2265625
1740998758.3257933,188.21583489681052,11877.40234375
1740998759.3281498,279.84035054773085,11806.25
1740998760.3303943,270.06762320648784,11234.1796875
1740998761.3329935,193.67177944862155,11545.4921875
1740998762.3344688,270.60271990018714,11355.33203125
1740998763.3366477,275.4453766802126,10870.23828125
1740998764.3387053,248.26862842892768,11166.40625
1740998765.34093,269.8486445971268,11057.265625
1740998766.3431482,279.65664891951144,10229.77734375
1740998767.3446016,253.61714464229928,10108.69921875
1740998768.3456876,255.1939556665626,9892.98046875
1740998769.3478415,189.3770228768411,10322.453125
1740998770.3496256,350.8595691539182,9839.1328125
1740998771.3511012,241.36780976220274,10023.8828125
1740998772.3530588,256.35963986339647,10121.484375
1740998773.3554084,249.99531768388107,10023.734375
1740998774.3573284,250.14561294337275,9996.328125
1740998775.3594265,274.23227343994984,9240.5390625
1740998776.3619804,280.8142177722153,9040.55859375
1740998777.3636923,270.0915107913669,8987.98046875
1740998778.365492,282.49718221665626,8893.91015625
1740998779.3698785,247.6060696517413,9048.01953125
1740998780.3723004,273.44085615360405,8660.6328125
1740998781.3737776,238.08900562851784,8788.17578125
1740998782.3750875,282.9638095238095,8409.5
1740998783.3766344,241.47497813866332,8565.26953125
1740998784.378063,336.9486,8226.4765625
1740998785.3803234,295.8780049875312,8234.12890625
1740998786.3826935,293.9275665518321,8149.5
1740998787.3844845,304.31730924945504,7948.94921875
1740998788.386342,323.37582527301095,7864.8671875
1740998789.3882828,373.9190012484395,7743.390625
1740998790.3899126,362.90137328339574,7743.453125
1740998791.3918493,413.94156521739126,7530.4453125
1740998792.3935535,418.9641051314143,7545.81640625
1740998793.3956459,381.573200498132,7945.09765625
1740998794.3976948,216.46449361171705,7583.3046875
1740998795.399683,186.40518380062306,7689.1484375
1740998796.401815,184.65246105919002,7797.3046875
1740998797.4032211,212.16968789013734,7967.09375
1740998798.405869,254.7992476489028,8062.56640625
1740998799.4072416,185.49426521060843,8070.9921875
1740998800.4086573,184.87368880573746,8173.25
1740998801.4109592,215.73373134328358,8248.1328125
1740998802.4129875,183.4420231033406,8154.23828125
1740998803.41474,181.4037698289269,8128.21875
1740998804.4158325,194.67911166718798,8086.375
1740998805.4182348,239.86647482014388,8009.30859375
1740998806.419657,216.6328,8176.3125
1740998807.4217265,184.66622458554895,8157.92578125
1740998808.4235218,180.88840661053945,8158.296875
1740998809.4248586,179.8444,8241.41796875
1740998810.4268098,184.01655344344033,8287.27734375
1740998811.4299834,212.3490046801872,8495.2265625
1740998812.4321759,255.86934497816594,8620.7734375
1740998813.4339304,185.48507956318252,8701.0859375
1740998814.4357595,179.8613200498132,8615.19921875
1740998815.4372723,179.26332084893883,8694.24609375
1740998816.4397142,186.47525888958202,8792.99609375
1740998817.441685,190.94555417185555,8782.6796875
1740998818.4431996,281.26948356807515,8876.734375
1740998819.4457328,193.14312891113892,8753.05078125
1740998820.4474497,180.38575890068705,8803.76171875
1740998821.4496818,189.78862842892767,8751.046875
1740998822.4522643,183.90180685358254,8837.50390625
1740998823.4539208,183.03860826343586,8965.67578125
1740998824.4553635,207.13154253661577,9203.1875
1740998825.4577112,280.84010025062656,9137.13671875
1740998826.4599624,180.21846249610957,9213.2890625
1740998827.4615352,190.76884579293088,9280.8125
1740998828.463163,191.1780294025649,9374.63671875
1740998829.4649997,185.28120338451896,9478.55078125
1740998830.466435,186.99537550638829,9585.21875
1740998831.4678633,297.2527595884004,9831.859375
1740998832.4691525,184.80577473553205,9973.6640625
1740998833.4714344,173.0355,10072.953125
1740998834.4800417,131.75190844416952,10280.26953125
1740998835.4824364,109.07243377999376,10193.734375
1740998836.4844713,98.62323713927226,10146.8203125
1740998837.4868615,122.87440873634945,10191.34765625
1740998838.4885304,132.84969810146282,10100.171875
1740998839.490411,96.22446868183235,10120.1875
1740998840.4919758,99.81150890346767,10119.01171875
1740998841.494083,141.75327899686522,10032.59765625
1740998842.4955192,94.93643236488597,10057.4765625
1740998843.4974458,97.2039181649101,10083.26171875
1740998844.4991536,158.9250872817955,10081.51171875
1740998845.5014675,97.23805243445693,10086.46484375
1740998846.5032184,99.46922546252743,10108.25390625
1740998847.5053358,139.30366760387378,10135.33203125
1740998848.5067213,95.20892489872234,10115.66015625
1740998849.508383,98.82412223261615,10141.0234375
1740998850.5109475,125.41364822871348,10141.9140625
1740998851.5124185,132.65453637215109,10125.203125
1740998852.5147154,99.4379,10151.87109375
1740998853.5163894,94.02140985651903,10175.7578125
1740998854.5184848,137.81558942457232,10205.19140625
1740998855.5200796,100.58822942643391,10211.62109375
1740998856.5217807,93.92253810264386,10241.41015625
1740998857.5241737,156.69399750933997,10237.86328125
1740998858.526006,101.31068288119738,10251.02734375
1740998859.5278618,95.77459307764265,10273.6953125
1740998860.5296545,96.39818011841696,10273.5546875
1740998861.5318804,95.22828784119106,10303.6875
1740998862.533568,148.65504358655045,10494.36328125
1740998863.5345838,114.77433395872421,10523.03125
1740998864.5359235,146.33906191369604,10509.27734375
1740998865.5377908,94.87085714285715,10513.69921875
1740998866.5416327,95.0312,10541.09375
1740998867.5440013,97.95271244904359,10568.03125
1740998868.5456471,94.64535658673312,10564.55859375
1740998869.5468235,94.35317073170731,10593.49609375
1740998870.5483084,164.60500468018722,10848.19140625
1740998871.5508056,154.85445587776738,10894.9609375
1740998872.55217,93.96806007509386,10921.921875
1740998873.5534694,100.73153581482639,10950.99609375
1740998874.5548406,98.48949828607043,10977.7890625
1740998875.5568593,96.69772627622926,10993.55859375
1740998876.5590322,106.06185567010309,11084.984375
1740998877.5612903,154.98610106051154,11015.796875
1740998878.5633705,94.84027380211575,11017.66015625
1740998879.5654259,101.98266083697689,11165.88671875
1740998880.566899,152.60504538341158,11311.3984375
1740998881.5687294,98.61210460772104,11336.640625
1740998882.5703912,100.43588271990018,11366.36328125
1740998883.572457,136.2879202988792,11412.02734375
1740998884.5742722,125.04961789375582,11390.12890625
1740998885.575815,95.31140372670808,11393.21484375
1740998886.577475,96.79137844611529,11421.3671875
1740998887.5801218,90.99447154471545,11444.46484375
1740998888.582221,98.12732394366196,11457.16796875
1740998889.58369,95.93364515123169,11639.55859375
1740998890.5856369,230.60577164366376,11734.48046875
1740998891.5880246,101.71412901215331,11759.3828125
1740998892.5903661,95.94280385452285,11786.60546875
1740998893.592933,95.42298031865042,11814.5546875
1740998894.5950854,103.00813069431354,11845.3671875
1740998895.5972843,94.9462293033427,11848.66015625
1740998896.5990381,128.76042367601246,11893.3125
1740998897.6005304,131.86033644859813,11869.8046875
1740998898.602162,93.92179775280898,11880.10546875
1740998899.6038685,93.48605757196495,11906.2265625
1740998900.605662,98.82135338345864,12120.08203125
1740998901.607255,166.35897435897436,12218.50390625
1740998902.6086895,95.14247583411289,12246.24609375
1740998903.610593,162.62062947958867,12307.8984375
1740998904.612133,95.25816364772017,12264.50390625
1740998905.6139529,97.52387137059007,12270.6328125
1740998906.6159735,99.95838092249765,12298.6796875
1740998907.617385,92.71648269410665,12320.3046875
1740998908.6190143,93.22193185370429,12327.765625
1740998909.6212814,109.18951310861422,12352.47265625
1740998910.6230128,156.65295143212953,12321.93359375
1740998911.6250134,97.65663539712321,12439.76953125
1740998912.6264281,157.893,12716.76953125
1740998913.6282203,115.54707461754606,12740.98046875
1740998914.6298146,95.83052334691318,12763.515625
1740998915.6314552,97.69773891317926,12779.10546875
1740998916.632774,142.28883473914402,12831.4921875
1740998917.6353223,112.98273605484574,12798.20703125
1740998918.6365194,96.80630788485607,12812.76953125
1740998919.638174,96.75045482866044,12837.23046875
1740998920.6405616,93.95431782703714,12835.28515625
1740998921.641663,93.75184333229717,12860.4296875
1740998922.6433127,98.77216848673946,12889.94140625
1740998923.6450503,164.38750233863425,12879.52734375
1740998924.6464312,104.42893404188808,13104.31640625
1740998925.6486702,168.87346225826576,13277.47265625
1740998926.6499474,98.3520797011208,13302.9296875
1740998927.6511717,100.89541055260693,13332.62890625
1740998928.6530235,94.75324416796268,13352.71484375
1740998929.654719,110.9460880424602,13384.6640625
1740998930.6560144,153.50644617784712,13366.4609375
1740998931.6585288,93.60967115565299,13387.6484375
1740998932.6599188,94.5546,13410.828125
1740998933.661703,96.9845,13434.1875
1740998934.6631072,95.0974,13460.84765625
1740998935.6648767,91.78031865042175,13466.359375
1740998936.6666505,164.8589843260188,13531.375
1740998937.6680136,97.31522294979732,13519.87890625
1740998938.6706178,100.21251946434133,13778.20703125
1740998939.672777,179.63776877531942,13890.94921875
1740998940.6740992,98.6069706433479,13896.65234375
1740998941.6769006,96.13277552294723,13924.75
1740998942.679568,52.66133333333334,13941.41796875
1740998943.6813204,34.32279650436954,14356.23046875
1740998944.6837912,103.86157303370787,16156.51953125
1740998945.6858623,183.3572191185599,15946.44921875
1740998946.688333,147.18286251174445,15692.66015625
1740998947.6903532,152.90502640571606,15141.625
1740998948.692379,166.63549611197513,14998.08203125
1740998949.6947196,174.210344395742,14188.125
1740998950.696598,162.96122999686224,14325.3515625
1740998951.6987755,160.86082810539523,13922.78125
1740998952.7016058,159.54122295390405,13811.68359375
1740998953.7043233,155.7815721891638,13632.62890625
1740998954.706252,154.51883157240522,13498.640625
1740998955.7087488,153.57865342848277,13420.96875
1740998956.7107625,151.52732026143792,13410.94140625
1740998957.7125735,163.65890000000002,13100.34375
1740998958.7143383,148.5918465821219,13050.9375
1740998959.7171402,149.14767890479155,13131.27734375
1740998960.7195363,187.2422735790131,12566.0078125
1740998961.7221456,143.1917577271308,12668.6875
1740998962.7245367,172.23060143346837,12783.56640625
1740998963.7265608,160.71622381994374,12139.890625
1740998964.7290947,170.70319453076445,11983.04296875
1740998965.731475,166.86951227089156,11915.70703125
1740998966.7337072,137.0532503113325,11966.63671875
1740998967.7360432,164.1797184860807,11877.72265625
1740998968.7379909,165.65800876643706,11693.22265625
1740998969.7403197,179.84573016363075,11680.6015625
1740998970.7421374,164.30716203559163,11020.91796875
1740998971.74464,184.49165168887512,10657.62109375
1740998972.7474022,162.2604975124378,10712.140625
1740998973.7496312,185.2302491327657,10763.2578125
1740998974.7525492,171.54191098661687,10327.796875
1740998975.754689,174.74822636737275,10413.19140625
1740998976.7569323,174.89212273011898,10108.41796875
1740998977.7588208,156.84206572769952,9966.13671875
1740998978.7610974,169.92178993163455,9964.25
1740998979.7624402,90.12764577486749,9865.2421875
1740998980.764523,150.4391836734694,9929.64453125
1740998981.766795,154.05295845048423,9917.2109375
1740998982.7689416,302.0179520697168,10004.02734375
1740998983.7712667,160.02369626608095,10087.0
1740998984.7734814,165.83038388923853,10093.14453125
1740998985.7755795,162.72583723105706,10037.90234375
1740998986.7773702,148.4118472524061,10146.69140625
1740998987.780074,157.35907586637526,10164.12890625
1740998988.782341,151.98105980787108,10152.59375
1740998989.7843156,161.3918944392083,10166.8671875
1740998990.7867568,158.311318024536,10181.6171875
1740998991.7886138,150.5928423691633,10217.7109375
1740998992.7911804,903.4348682987295,10492.234375
1740998993.7932513,132.37643818466353,10302.62109375
1740998994.7955115,48.34229102167183,10693.61328125
1740998995.798315,158.23955404149893,10739.66015625
1740998996.8003092,169.51154307352476,10683.5234375
1740998997.802706,153.43529557412566,10696.55078125
1740998998.8046143,158.91334362457548,10717.90625
1740998999.8065646,159.4502925448254,10659.1484375
1740999000.8089693,159.80565028002488,10700.24609375
1740999001.8117368,166.49568039950063,10692.28515625
1740999002.8141336,822.5305354379449,10930.8515625
1740999003.8170104,115.96395413696932,10710.9609375
1740999004.8190176,48.331995043370505,11006.99609375
1740999005.8217392,155.4608695652174,11080.5703125
1740999006.8240616,153.6455851898337,11088.56640625
1740999007.826035,151.56231688630095,10984.7890625
1740999008.82788,160.27101840490798,11022.59375
1740999009.8302665,161.173499377335,10991.59765625
1740999010.8324604,161.4261765629909,10915.03515625
1740999011.8344364,161.10477864992149,10904.33203125
1740999012.8363423,798.7258944739307,10913.83984375
1740999013.8381708,52.87937362981522,11152.55078125
1740999014.8405375,148.64024638127503,11133.78515625
1740999015.8424437,159.24109952606636,10979.16796875
1740999016.8451164,162.55085427135677,11032.78515625
1740999017.8469253,163.45841854557003,11029.37109375
1740999018.8486965,164.19929292929294,10915.765625
1740999019.8507931,159.71125349922238,10917.17578125
1740999020.853268,156.16650046168053,10858.39453125
1740999021.8555408,148.97599504797276,10913.28125
1740999022.857144,852.4659030837004,11203.75
1740999023.8594265,110.89294302801385,10959.59375
1740999024.8616197,60.6878,11256.19921875
1740999025.8642979,155.30524223602484,11253.63671875
1740999026.865997,159.7349968808484,11334.2578125
1740999027.868217,146.1877208153181,11361.2265625
1740999028.8701553,152.2954910438542,11280.83984375
1740999029.87192,161.05666877770742,11254.984375
1740999030.8736403,156.82439417415557,11192.20703125
1740999031.876406,165.0429292929293,11281.66796875
1740999032.8780823,810.259451968504,11315.09765625
1740999033.8807807,62.62469972282106,11416.46484375
1740999034.8826716,153.73871028625354,11376.5859375
1740999035.8852384,152.75353535353534,11342.4921875
1740999036.888112,159.75969696969696,11298.3125
1740999037.8906589,160.51297938788258,11285.6640625
1740999038.8928611,156.65210918114144,11311.09375
1740999039.8953965,150.79651735015773,11236.0390625
1740999040.8974879,165.84621188305564,11242.18359375
1740999041.8999074,162.544,11177.80078125
1740999042.9020946,803.2434185901435,11302.03515625
1740999043.9037297,64.51775169857937,11651.8125
1740999044.9060998,158.61812285625194,11522.8671875
1740999045.9084241,158.33456805469234,11613.0
1740999046.9100807,150.76659507264688,11610.9921875
1740999047.912291,161.26086741016107,11684.95703125
1740999048.914477,147.5653009042719,11690.13671875
1740999049.917291,155.59336007405122,11697.859375
1740999050.9199,154.4844165621079,11591.8046875
1740999051.9214342,164.16985381026439,11608.31640625
1740999052.9240203,806.4934600061295,11882.48046875
1740999053.9258623,108.69144454799627,11490.94140625
1740999054.9285295,68.97736511919699,11779.64453125
1740999055.930633,152.4469937106918,11727.453125
1740999056.9334962,153.4678217200251,11694.3828125
1740999057.9353037,155.35543436905516,11682.328125
1740999058.9371164,158.31574683544304,11603.31640625
1740999059.939903,160.9197616807777,11570.53125
1740999060.942845,151.91540345368918,11681.2578125
1740999061.944832,161.91080287410185,11538.05859375
1740999062.9472227,761.8547928262215,11571.58203125
1740999063.9492726,68.47501222493888,11871.67578125
1740999064.9516215,151.35598494353826,11975.359375
1740999065.9541252,155.18783421626674,11933.68359375
1740999066.9568572,168.49785624211853,11914.71875
1740999067.959063,151.26650045606567,11973.48828125
1740999068.9617934,148.7801673380849,12045.28515625
1740999069.9639003,164.03862068965518,12020.87890625
1740999070.966717,154.6902,12056.79296875
1740999071.9694526,154.0734219474498,11861.390625
1740999072.972278,811.1887597140193,12287.1640625
1740999073.9747744,155.3914366551399,12336.125
1740999074.977527,156.87722428748452,12157.09765625
1740999075.980064,156.6811200995644,12225.4140625
1740999076.9828386,153.53916197623514,12154.0625
1740999077.984911,157.65061121613107,12143.89453125
1740999078.9865863,164.81165628891657,12112.17578125
1740999079.988255,161.8022215249451,11944.8203125
1740999080.9901645,158.0470794246404,11983.3203125
1740999081.992468,166.1105,11917.7421875
1740999082.9948542,845.431364764268,11952.78515625
1740999083.99702,80.92756688700031,12322.8125
1740999084.9988809,160.39205232014947,12202.12890625
1740999086.001401,151.03859868626836,12218.88671875
1740999087.0036798,153.33995061728396,12281.26171875
1740999088.0057285,152.8127979766045,12415.05859375
1740999089.0074713,159.23973888716193,12255.08984375
1740999090.009183,144.80958203368684,12349.89453125
1740999091.011667,156.51045241809675,12385.33984375
1740999092.013524,181.9101530771634,12536.91796875
1740999093.0159771,751.8813937711994,12313.6875
1740999094.0185106,85.49965764083412,12622.74609375
1740999095.020697,150.52547263681592,12675.75
1740999096.0228136,166.7205010961478,12468.8984375
1740999097.0255332,148.38104738154613,12514.64453125
1740999098.028034,168.29330861909176,12428.45703125
1740999099.0304081,154.86773449672796,12434.61328125
1740999100.0328157,165.28628733102798,12298.58203125
1740999101.0348103,153.09491674520893,12252.59765625
1740999102.0370145,194.27855541718554,12652.19140625
1740999103.0392246,775.5645707226682,12614.41796875
1740999104.041491,92.329900990099,12205.09375
1740999105.0433877,85.19353106462691,12570.41796875
1740999106.0457478,159.40394119487019,12537.31640625
1740999107.0477688,152.90947884733293,12600.29296875
1740999108.0504901,152.4886393088553,12545.15234375
1740999109.052638,167.3610053408734,12518.4140625
1740999110.0545247,154.96707550077042,12463.96484375
1740999111.0569263,156.30980219780218,12376.13671875
1740999112.0590742,229.91485498108452,12870.02734375
1740999113.0609527,798.4692722205017,12727.46875
1740999114.063156,78.57968612680477,12374.05859375
1740999115.0657814,87.38127979924718,12747.44921875
1740999116.0680246,168.8782098959975,12757.62890625
1740999117.070875,153.49092929916642,12885.96484375
1740999118.0727262,158.3077306733167,12721.13671875
1740999119.0746694,267.2842000621311,12570.00390625
1740999120.0774326,210.20140653917335,12629.9296875
1740999121.0797064,201.73330838790147,12695.93359375
1740999122.081931,298.7246679081316,13020.55859375
1740999123.0845737,670.6586150966938,13035.94140625
1740999124.0862956,204.55376169681844,13101.7265625
1740999125.088893,200.06124258507646,13003.78515625
1740999126.0911615,200.55045596502188,13031.078125
1740999127.093473,202.6652710280374,12997.91015625
1740999128.0959022,208.68331877729256,12933.171875
1740999129.0982811,200.76915963761323,12910.1171875
1740999130.1005743,199.06216536661466,12787.9453125
1740999131.1027956,195.0271080574641,12804.7578125
1740999132.105439,355.49962546816477,13032.82421875
1740999133.1072319,202.98429777916795,12908.5
1740999134.1098197,203.85970762052875,12964.21875
1740999135.112615,200.88883343730504,13023.8984375
1740999136.1153367,194.51827822832192,12996.625
1740999137.1176758,197.226699875467,13033.65234375
1740999138.1203394,198.31687792694348,12884.4921875
1740999139.1223438,197.66323952470296,12944.6796875
1740999140.124929,204.4104565353346,12901.91796875
1740999141.1273985,204.35848985959439,12940.63671875
1740999142.1294281,375.51894769808956,13029.421875
1740999143.1321065,202.18984701842024,12923.0390625
1740999144.1347764,202.61115612340294,12993.92578125
1740999145.1366673,198.2499,13029.1328125
1740999146.1387131,202.7082463269772,13054.13671875
1740999147.1412027,213.5370910228339,13081.89453125
1740999148.1436572,200.95920099875158,13111.8125
1740999149.145834,202.66683354192742,13148.59375
1740999150.1475616,211.76598503740647,12907.23828125
1740999151.1497686,202.61821794473764,12834.21484375
1740999152.1512728,370.0830018761726,12979.95703125
1740999153.153738,202.07724914035637,13055.921875
1740999154.155723,197.91616796267496,13118.46484375
1740999155.1586695,197.9710275689223,13158.05859375
1740999156.1610126,200.0159800249688,13185.68359375
1740999157.1637645,197.20442085544803,13227.58203125
1740999158.1658294,204.0988573212613,13257.51171875
1740999159.1678386,197.29213862004372,13289.79296875
1740999160.169962,201.06073147858706,13036.41015625
1740999161.172341,203.6632,12972.90625
1740999162.1744127,367.85811131957473,13196.51171875
1740999163.1765473,199.0078301592257,13269.87109375
1740999164.1785254,206.39929846539306,13343.70703125
1740999165.1804557,201.135223880597,13390.05078125
1740999166.1822903,196.21871190700597,13427.328125
1740999167.1847224,203.5364896939413,13464.86328125
1740999168.1873984,187.9935640785781,13491.484375
1740999169.189764,200.3428642435539,13525.30859375
1740999170.1924086,201.29986275733,13134.98828125
1740999171.1941543,205.0723,13077.79296875
1740999172.1962006,356.89657568238215,13409.99609375
1740999173.1978297,202.18528290090654,13477.640625
1740999174.2001867,209.27007829627308,13518.71875
1740999175.2025368,207.39041901188244,13558.84765625
1740999176.2048805,195.74339999999998,13617.30078125
1740999177.206275,200.76271504535504,13642.55859375
1740999178.2076697,194.3590207156309,13693.37890625
1740999179.20968,192.5320349563046,13736.734375
1740999180.212579,208.97510000000003,13349.02734375
1740999181.2150462,203.2041012816505,13283.2265625
1740999182.2171588,351.8540823970037,13656.26171875
1740999183.218976,203.94169999999997,13639.68359375
1740999184.221931,210.24992863791502,13691.1796875
1740999185.2240548,200.87316281971303,13733.30078125
1740999186.2269828,202.13993127147765,13768.828125
1740999187.22862,200.53219787100812,13824.40234375
1740999188.2313294,199.5050093691443,13861.2421875
1740999189.232997,202.45073170731706,13887.76171875
1740999190.2355692,208.74480697384806,13437.79296875
1740999191.237783,202.72159900062462,13371.1640625
1740999192.240016,365.89674360573923,13686.93359375
1740999193.2420835,198.10208268573203,13727.57421875
1740999194.24444,199.17488833746899,13793.94921875
1740999195.2467318,199.43990049751244,13846.0078125
1740999196.249478,200.30290000000002,13883.48828125
1740999197.2515352,201.04214330218068,13946.3984375
1740999198.254092,201.64898469228368,13969.18359375
1740999199.2559242,203.51178973717148,14009.94921875
1740999200.257922,202.27109028428617,13551.859375
1740999201.2598453,219.72245306633292,13534.97265625
1740999202.261872,356.86545228473733,13900.421875
1740999203.263314,204.5679549718574,13930.3046875
1740999204.2654083,209.36105329153608,13980.0625
1740999205.2675066,203.33142320925867,14008.24609375
1740999206.2692022,196.3669300155521,14071.9296875
1740999207.2708685,198.35078462019382,14097.02734375
1740999208.2728505,197.9368,14145.01953125
1740999209.2754333,203.00336144954701,14215.7265625
1740999210.2782834,202.68436113714463,13771.53125
1740999211.2808561,197.9527950310559,13757.08984375
1740999212.2833335,361.6889277899344,14143.4140625
1740999213.2852893,209.39960000000002,14226.95703125
1740999214.2869828,200.21503439649783,14255.6953125
1740999215.2884138,204.22127659574468,14279.73828125
1740999216.2907116,202.52013634955065,14306.0859375
1740999217.2934873,201.88087554721702,14348.53515625
1740999218.29529,196.1532127261385,14406.12890625
1740999219.2979434,200.757463292721,14445.609375
1740999220.300618,198.10685103708357,14059.84765625
1740999221.302206,206.1336502971536,13972.546875
1740999222.3044882,369.57887262535036,14361.89453125
1740999223.3067472,197.9995006242197,14416.5234375
1740999224.3095794,203.15772642098688,14451.46875
1740999225.3123016,197.8542643391521,14495.23046875
1740999226.3140354,201.70246404002503,14556.3984375
1740999227.3160799,201.20742268041235,14395.265625
1740999228.318425,201.50604127579737,14231.38671875
1740999229.3205004,200.4222041835779,14293.4375
1740999230.3227015,201.4548083515114,14078.72265625
1740999231.325433,195.65492053599252,14154.109375
1740999232.327448,369.66680438184665,14505.59375
1740999233.3296232,205.1338129496403,14558.265625
1740999234.3322732,195.5202999062793,14619.33203125
1740999235.3347652,198.41357454772302,14640.7578125
1740999236.3370192,200.01642812694462,14672.26953125
1740999237.3391042,200.01750699409388,14561.9140625
1740999238.3408353,200.42729411764702,14490.25
1740999239.3426607,202.04659999999998,14534.96484375
1740999240.3451555,201.1465085803432,14272.28125
1740999241.3473122,197.14718301061836,14338.91796875
1740999242.3486657,369.0608054948486,14707.1796875
1740999243.3514092,203.19349593495937,14740.8515625
1740999244.353357,201.8766322378717,14801.3046875
1740999245.3556912,203.28297407060293,14825.62890625
1740999246.3581214,201.2368865270397,14838.0703125
1740999247.3606844,4.965781931464174,14503.421875
1740999248.3631082,12.991860174781522,14374.21875
1740999249.3659184,3.6825444340505142,14375.66015625
1740999250.3680098,168.77611041405268,14627.640625
1740999251.3703313,4.377691827822832,14626.390625
1740999252.3723547,84.48609048361935,14827.09765625
1740999253.3751874,165.52930699278772,14949.6796875
1740999254.3772407,4.281671865252652,14949.58203125
1740999255.3800826,3.0699844091050825,14949.5859375
1740999256.382116,149.42311557788946,15034.46484375
1740999257.3839636,4.825759750390016,14881.96484375
1740999258.3862636,3.39998751950078,14812.44140625
1740999259.3880897,164.74130653266332,14915.0078125
1740999260.390147,4.3278852152214595,14840.08203125
1740999261.3921182,3.3970000000000002,14839.37890625
1740999262.3944511,144.90721342031688,14891.7265625
1740999263.3964062,3.980412242348532,14890.69921875
1740999264.3992376,3.3646369585540667,14891.0546875
1740999265.4012175,154.70228893058163,14841.23046875
1740999266.4038768,4.028881948782011,14840.01953125
1740999267.4057827,3.12039950062422,14839.7109375
1740999268.4083762,148.99918164910108,15224.33203125
1740999269.4108522,7.8938989394884596,15224.1328125
1740999270.4133492,3.0653524641297567,15223.2734375
1740999271.4153166,280.0638396492327,14747.01953125
1740999272.417173,165.50642654028437,14651.12109375
1740999273.4197972,161.63108057464083,14779.59765625
1740999274.421708,300.04515123168073,14714.4609375
1740999275.4237673,165.91169027384325,14890.94921875
1740999276.4262466,156.88776287051482,14831.58203125
1740999277.4287071,277.7218647730781,14927.59765625
1740999278.4308918,177.05077449455678,14522.2421875
1740999279.433279,150.0287679799875,14699.3984375
1740999280.4357715,289.2398125585754,14986.375
1740999281.4378426,172.32604334365325,14610.77734375
1740999282.4401186,149.4811442942471,14627.05859375
1740999283.4421816,384.82815234497957,15228.9921875
1740999284.4443967,205.92005001562987,14812.33203125
1740999285.4463546,216.56475297060663,14852.2421875
1740999286.4478707,378.50971000935454,15430.36328125
1740999287.4503293,200.20781666150512,15014.0078125
1740999288.4524167,200.09703935040602,15081.8671875
1740999289.4544113,406.5462112190536,15444.49609375
1740999290.4566693,196.78980955354353,15212.78125
1740999291.458246,202.64553178294574,15241.9296875
1740999292.461041,558.6301754385966,16052.9375
1740999293.4636464,205.87944151411727,15554.2265625
1740999294.4653454,198.66216385240776,15583.86328125
1740999295.46761,166.24402010050252,16271.390625
1740999296.4704504,3.9579052369077306,16271.10546875
1740999297.472842,2.944578914535246,16270.265625
1740999298.475303,162.5376441102757,16190.55078125
1740999299.4770157,4.252199999999999,16181.75
1740999300.4788291,2.88399375975039,16181.203125
1740999301.4812715,148.47449483891148,16311.59765625
1740999302.4834673,90.8498776278632,15701.65234375
1740999303.4859748,5.835781591263651,15444.734375
1740999304.4878955,165.82430188679245,16137.80859375
1740999305.4902906,3.9234956304619226,16138.203125
1740999306.4918063,3.3455635341866996,16138.24609375
1740999307.4939723,158.43661395348838,16244.18359375
1740999308.4964457,4.019108200810726,16243.58984375
1740999309.4979336,3.6713581017795818,16243.73828125
1740999310.5000236,152.60978111319574,16103.94140625
1740999311.5021758,4.51584399375975,16104.8828125
1740999312.5043805,5.749915756630266,16119.89453125
1740999313.5066988,161.59426955702168,15858.8984375
1740999314.5090125,4.195045241809672,15857.92578125
1740999315.5112755,20.54580281690141,15520.12890625
1740999316.513161,154.24715140069247,15983.80859375
1740999317.5145946,3.801,15983.54296875
1740999318.5167534,20.90557111733582,15547.20703125
1740999319.5190213,163.73542093817957,15968.1640625
1740999320.5207503,3.9973016864459714,15967.68359375
1740999321.5228426,14.909500000000001,15984.125
1740999322.5244386,151.48916509730068,15888.453125
1740999323.5271966,12.351479512042541,15442.8203125
1740999324.5287657,15.166066645904703,15535.4921875
1740999325.5309136,150.68428795976106,15946.1171875
1740999326.533254,4.0483442469597755,15944.046875
1740999327.5348063,22.77183520599251,15780.74609375
1740999328.537525,155.40114285714287,15896.17578125
1740999329.5393991,7.430314347961407,15895.72265625
1740999330.5414152,10.291599999999999,15969.64453125
1740999331.5434506,299.97534591194966,15496.3984375
1740999332.5449302,164.14654624727498,15513.5546875
1740999333.5475826,166.9422385321101,15677.28515625
1740999334.5489876,285.5185509056839,15487.61328125
1740999335.5515664,15.635355805243446,15571.1796875
1740999336.5542252,169.82896981014628,15715.4296875
1740999337.5566459,289.74847521047707,15553.5390625
1740999338.5587795,15.605076586433261,15645.67578125
1740999339.5609045,161.3991182862465,15901.140625
1740999340.5627484,290.7366214082728,15698.76171875
1740999341.5648835,157.5860826650216,15737.54296875
1740999342.5672202,167.5510971786834,16034.609375
1740999343.568869,283.30549670949546,15796.015625
1740999344.5707355,168.86721776681063,15819.78515625
1740999345.5726435,170.73256281407035,16039.1796875
1740999346.574789,304.94958139534884,15787.421875
1740999347.5768685,17.824727499221428,15893.75390625
1740999348.5797076,174.66834567901236,16177.83203125
1740999349.581217,276.93844897959184,15854.046875
1740999350.5840008,19.340018685767674,15970.6953125
1740999351.5855606,182.83766153846156,16253.03125
1740999352.5878537,280.35624691358026,16018.78515625
1740999353.590501,159.3764836520666,16052.328125
1740999354.592724,180.29496667724533,16360.5546875
1740999355.5949106,285.39954602774276,16119.22265625
1740999356.5970898,164.9551909830933,16140.87890625
1740999357.5996954,181.08542161149282,16449.203125
1740999358.6018643,276.54367808865135,16213.10546875
1740999359.6038604,159.91626633478532,16234.43359375
1740999360.6058843,184.07723797780517,16536.73046875
1740999361.6081774,275.7796900185989,16302.3125
1740999362.6104436,154.99593623007192,16325.7421875
1740999363.612926,179.0719599248591,16630.1640625
1740999364.6154425,267.37998122065727,16251.8125
1740999365.6175659,21.76760237574242,16400.0234375
1740999366.6193206,182.93103235747304,16742.203125
1740999367.6218724,262.6955632691701,16467.71484375
1740999368.6238835,168.8765347460268,16507.5703125
1740999369.6261349,181.59449311639548,16860.109375
1740999370.6286545,264.9233364809569,16562.9296875
1740999371.6310248,161.05112781954887,16611.70703125
1740999372.6329217,172.08022492970946,16887.33203125
1740999373.63547,267.8562202753442,16485.4296875
1740999374.6379192,23.75028785982478,16682.66796875
1740999375.6406167,186.65960784313725,16994.37109375
1740999376.6434689,242.59762376237623,16551.30859375
1740999377.645071,98.39485160887223,16596.26953125
1740999378.6470952,256.493932725558,17049.41015625
1740999379.649541,377.6750826833073,17393.4921875
1740999380.6519527,184.02019368947205,16870.03125
1740999381.6544898,253.19641491695393,17260.98828125
1740999382.6568155,385.52420267329813,17651.2734375
1740999383.6587338,231.93152180734234,17123.421875
1740999384.6610005,246.28421510724277,17563.375
1740999385.663002,364.92725440806043,18254.09765625
1740999386.6652539,192.08409488139827,17248.23828125
1740999387.6679065,259.5301411986194,17674.375
1740999388.6701598,338.38425333747284,18002.23046875
1740999389.6726112,205.5642718446602,17359.4375
1740999390.6743824,202.57344119477287,17809.4921875
1740999391.676047,396.4744243932794,17987.32421875
1740999392.678492,422.52768375540455,17795.6484375
1740999393.6803594,260.42929400690304,18219.66796875
1740999394.682926,338.5392676056338,18824.96484375
1740999395.6845765,206.40693032015065,17965.09765625
1740999396.6868498,251.0012789968652,18508.015625
1740999397.6884193,339.57243107769426,18329.140625
1740999398.690623,209.27770787916535,17826.7421875
1740999399.6932693,248.50924731182795,18223.48828125
1740999400.6958036,342.9668801004394,18643.95703125
1740999401.698317,205.70848049921997,17972.8515625
1740999402.7003207,481.53637834474176,18680.34375
1740999403.7015188,329.4324711748208,18588.484375
1740999404.7037673,205.72123943661973,18350.32421875
1740999405.7061489,255.74599066874026,18768.859375
1740999406.7084785,326.40915138327637,18788.96875
1740999407.711382,210.26574021909235,18071.2265625
1740999408.713915,263.1941481713035,18694.96875
1740999409.7163785,332.5879421019509,18633.28125
1740999410.7185144,201.41104856170736,18301.38671875
1740999411.721243,267.0192917580695,18724.04296875
1740999412.7232113,555.1398994974875,19376.5
1740999413.7253156,202.32207694713793,18770.453125
1740999414.7278008,258.48129514321295,19279.5625
1740999415.7296991,327.9512409676406,19890.50390625
1740999416.7323225,202.93096814490946,18919.0703125
1740999417.7346575,156.99421383647797,19129.90625
1740999418.737064,254.57691300280638,18667.36328125
1740999419.738945,161.14429424709212,18677.77734375
1740999420.7408786,223.81032217704097,19445.65234375
1740999421.7427418,233.04183244430502,18461.0078125
1740999422.7452233,194.43583437892096,18999.26953125
1740999423.7470748,210.03702458761282,19438.33203125
1740999424.749796,251.61709789109224,19054.74609375
1740999425.751638,174.80392132375897,19131.73828125
1740999426.7541404,211.63013577518157,19678.79296875
1740999427.7557998,247.31435784159038,18643.44140625
1740999428.758355,153.85183969706532,18703.16796875
1740999429.7608745,212.92634465565595,19302.32421875
1740999430.7624538,234.61955990220048,18751.1640625
1740999431.7649968,157.27208020050125,18753.90625
1740999432.767752,223.8846756502664,19351.1640625
1740999433.7703526,260.72990951638064,18853.07421875
1740999434.7726727,150.7116052467208,18818.34375
1740999435.7744834,223.71476942514215,19443.4296875
1740999436.7760766,246.94618315918868,18926.671875
1740999437.7782452,161.90003120124805,18689.48046875
1740999438.7800684,207.29835694050993,19436.54296875
1740999439.782987,245.90382689335394,18749.63671875
1740999440.7852805,156.75915737298638,18768.96484375
1740999441.7878149,165.24805988771055,18788.609375
1740999442.7902474,153.99930174563593,18862.13671875
1740999443.7917793,166.7408065020319,18823.2890625
1740999444.793908,147.96017510944338,18837.359375
1740999445.7966678,146.6906847624923,18890.57421875
1740999446.7990086,161.36165995664294,18865.66796875
1740999447.8009405,161.1218811881188,18737.03515625
1740999448.8033426,142.81035881435258,18811.55859375
1740999449.8050737,165.79392295839753,18742.984375
1740999450.8074772,164.65024039962535,18729.69140625
1740999451.810384,161.6511236660389,18800.58984375
1740999452.8118756,148.37725319215198,18881.6953125
1740999453.81426,172.9747183979975,18853.71484375
1740999454.8162208,150.66008810572686,18853.04296875
1740999455.8187912,147.65967781908302,18871.40625
1740999456.8212824,154.08536172878172,18968.12890625
1740999457.8239715,152.5773419673142,18984.13671875
1740999458.8268065,271.1475376884422,18790.55078125
1740999459.8296852,200.6241347053321,18875.4140625
1740999460.8318372,202.5983599374022,18922.17578125
1740999461.834247,202.90616915422888,18960.0546875
1740999462.8363748,251.04720367534458,19086.81640625
1740999463.838363,200.55845096814494,19129.04296875
1740999464.8404665,210.92525657071337,19171.3515625
1740999465.8431845,203.00525629077356,19179.421875
1740999466.845016,196.7261,19229.53125
1740999467.8474195,204.37422802112457,19259.140625
1740999468.8495116,203.1233479075578,19260.09765625
1740999469.8517718,202.55769278996866,19281.125
1740999470.8544657,198.48846177847116,19305.4765625
1740999471.8565757,197.41638118966054,19334.3515625
1740999472.858618,424.6338635649167,19658.6328125
1740999473.8612382,201.6379,19703.4375
1740999474.8638253,200.4183770287141,19744.09375
1740999475.8667147,203.58355958711294,19770.5234375
1740999476.8690002,204.37230096784265,19789.19140625
1740999477.8715324,200.51155986245703,19803.13671875
1740999478.8735213,199.81539227895394,19649.703125
1740999479.8759751,200.61250859106528,19648.796875
1740999480.8774555,205.52478546821172,19674.4140625
1740999481.8791368,203.7372605304212,19725.84375
1740999482.8818505,416.5845253657018,20036.953125
1740999483.8840666,204.17882352941174,20052.2578125
1740999484.8863957,196.27295880149813,20073.53125
1740999485.8891327,202.00012457178448,20104.0390625
1740999486.8916698,200.96029971901342,20142.36328125
1740999487.8939059,198.96577833125778,20169.22265625
1740999488.8959637,196.55063378083045,19997.609375
1740999489.8979251,82.98448774355751,20123.7890625
1740999490.9002614,275.1948081123245,19943.15234375
1740999491.902497,79.33689386865858,20227.12890625
1740999492.9055636,283.81504178272985,20105.96484375
1740999493.9075928,69.25603767660911,20483.015625
1740999494.9102297,162.8679661548104,20406.921875
1740999495.9124806,148.02979378270237,20482.890625
1740999496.9147706,159.26899720583668,20525.1875
1740999497.917019,154.78518147684605,20541.28125
1740999498.9192204,156.11748743718593,20254.84765625
1740999499.921737,163.70119889332923,20101.12109375
1740999500.9235878,165.3564571074636,20179.9375
1740999501.9260516,159.04177997527813,20191.69921875
1740999502.928003,191.29769911504425,20293.25390625
1740999503.9302585,168.86182387966156,20211.43359375
1740999504.9320507,156.29208722741433,20306.85546875
1740999505.9334986,161.6874294770206,20297.4921875
1740999506.936574,158.87739184952977,20322.62109375
1740999507.9391806,168.47829680651222,20222.44140625
1740999508.940925,164.7774320050601,20128.53515625
1740999509.943826,163.95132605304212,20071.89453125
1740999510.945827,159.84319800124922,20086.67578125
1740999511.9483137,172.16576485461442,20101.3125
1740999512.9508002,175.14507611059335,20069.05078125
1740999513.9526644,164.70690176322418,20121.52734375
1740999514.9552352,160.6371797293044,20152.2890625
1740999515.9572046,158.78173189522343,20145.7265625
1740999516.959739,164.0070302274852,20224.76171875
1740999517.9621487,166.70861033735687,20145.70703125
1740999518.9645073,163.12711496746203,19999.59765625
1740999519.9662864,163.31828641370868,20092.2734375
1740999520.9681735,156.49349700975762,20109.4296875
1740999521.9708712,160.97430496019595,19977.3984375
1740999522.9730723,153.05511111111113,20142.49609375
1740999523.9761178,157.70212765957447,20116.3359375
1740999524.9787061,159.41060971835347,20177.3671875
1740999525.981099,158.530191643104,20121.5234375
1740999526.9834058,166.81903797468354,20144.61328125
1740999527.9856622,276.7342980828695,19931.55859375
1740999528.9879372,212.7750454118384,19917.390625
1740999529.9904592,202.16850000000002,19982.890625
1740999530.992494,205.9130870381966,20036.14453125
1740999531.9944103,200.77782921488895,20127.99609375
1740999532.9963062,262.72050078247264,20227.03125
1740999533.9982424,194.9255300681959,20283.67578125
1740999535.000418,204.1597,20320.92578125
1740999536.0023546,199.27794871794873,20352.03125
1740999537.004309,204.71326080198943,20427.171875
1740999538.005994,206.9176734059098,20368.44921875
1740999539.0085812,198.25409846346818,20354.109375
1740999540.0104136,199.4953846153846,20393.33203125
1740999541.0124888,196.7846288209607,20428.27734375
1740999542.0147526,227.3263394810878,20981.69921875
1740999543.0165613,388.0544743276284,20790.97265625
1740999544.0189168,205.38673316708233,20846.828125
1740999545.0215647,195.38498438475952,20894.55859375
1740999546.023396,196.71238214174213,20919.28515625
1740999547.0260363,207.3105472636816,20946.2578125
1740999548.02875,201.20012403100773,20882.30859375
1740999549.0308008,207.67810059356452,20751.0859375
1740999550.0331063,197.5574,20793.5234375
1740999551.0355902,200.24492962152016,20839.25
1740999552.0376046,256.5429483568075,21563.20703125
1740999553.0404391,364.5079247610238,21202.5546875
1740999554.0428252,204.71837245696403,21223.4375
1740999555.044875,209.3778026766262,21255.32421875
1740999556.0467813,203.39933770696658,21311.71875
1740999557.048482,198.89855579868708,21337.56640625
1740999558.0504456,209.97831822444516,21156.23828125
1740999559.0528233,206.63994996873046,20983.5078125
1740999560.0552893,207.86342555175628,21027.6484375
1740999561.057038,207.1746687402799,21074.82421875
1740999562.0590143,292.7514544885831,21863.94921875
1740999563.0607724,336.29988173046996,21508.125
1740999564.0628994,197.83855090568395,21540.23828125
1740999565.0653272,198.46336039975017,21562.94921875
1740999566.06928,197.15660260384377,21594.140625
1740999567.0712779,199.79598122065727,21621.33203125
1740999568.073716,196.8158346382712,21389.25390625
1740999569.0757148,212.132139054181,21180.62109375
1740999570.0782225,202.652027448534,21249.4609375
1740999571.0809042,200.56514678326045,21282.87109375
1740999572.0825856,140.84951547358548,21772.09375
1740999573.084221,121.108492808005,21549.03515625
1740999574.0868082,4.714340916173263,21547.0703125
1740999575.0890992,3.335004677268475,21547.6484375
1740999576.0913537,3.976386895475819,21548.80859375
1740999577.0936642,4.253083645443196,21424.4375
1740999578.096153,4.380793006556353,21202.66015625
1740999579.098305,5.224102403996254,21070.43359375
1740999580.1004672,3.305402370555209,21071.09375
1740999581.1024196,3.901703588143526,21071.75390625
1740999582.104306,248.91431409062693,21129.00390625
1740999583.1068218,1949.5313689700129,21209.09375
1740999584.1094196,1952.7051402177499,21158.12109375
1740999585.1114507,1679.8219643396794,21162.21875
1740999586.1143425,1688.6595470798572,21166.4296875
1740999587.1168318,1872.2923718160769,21084.27734375
1740999588.1182277,1801.6230544805,20959.75
1740999589.1211014,1713.2015336194563,20802.1015625
1740999590.1232831,1959.5053677932406,20803.91015625
1740999591.124542,1624.4613135215452,20804.48828125
1740999592.1261399,1701.285447667087,20807.15234375
1740999593.1274958,1776.5217899079657,20810.0546875
1740999594.1297758,1227.012583387835,20808.109375
1740999595.132877,2.762294264339152,20807.66796875
1740999596.134993,2.7201498595067126,20807.65234375
1740999597.1371849,3.6729697725148025,20789.25390625
1740999598.139848,3.254115444617785,20693.49609375
1740999599.1424327,3.2829186155285317,20675.0859375
1740999600.1445608,4.00264751795192,20673.18359375
1740999601.1467733,3.51420362273579,20670.5078125
1740999602.1486878,3.0147053320860615,20669.73828125
1740999603.150846,3.458273605484575,20669.9765625
1740999604.1529884,3.9405115408608857,20669.0
